{
  "world" : "world",
  "x" : -19.12932021711137,
  "y" : 201.0,
  "z" : 14.569350727390727,
  "pitch" : -1.3780282,
  "yaw" : -18.454426
}