{
  "world" : "world",
  "x" : -18.04577639631586,
  "y" : 201.0,
  "z" : 14.402871576640274,
  "pitch" : -7.3775935,
  "yaw" : -3.3785753
}